<?xml version="1.0" encoding="UTF-8" standalone="yes"?>
<addon id="plugin.video.theamazingrace2"
       name="The Amazing Race 2"
       version="1.0.0"
       provider-name="shaiu">
  <requires>
    <import addon="xbmc.python" version="1.0"/>
  </requires>
  <extension point="xbmc.python.pluginsource" library="default.py">
        <provides>video</provides>
  </extension>
  <extension point="xbmc.addon.metadata">
    <platform>all</platform>
    <summary lang="en">This is a Plugin for The Amazing Race 2 (Israel).</summary>
    <description lang="en">This is a Plugin for The Amazing Race 2 (Israel).</description>
  </extension>
</addon>
